School Name,Locality_x,Postcode,Average Income in Postcode,Median Income in Postcode,Locality_y,VCE Median Study Score,Percentage of study scores of 40 and over
Stott's Colleges,MELBOURNE,3000,48785.0,33314.0,,,
Ozford College,MELBOURNE,3000,48785.0,33314.0,MELBOURNE,21.0,1.2
Holmes Secondary College,MELBOURNE,3000,48785.0,33314.0,MELBOURNE,28.0,1.9
Simonds Catholic College,WEST MELBOURNE,3003,61806.0,50578.0,FITZROY NORTH,31.0,9.0
MacRobertson Girls High School,MELBOURNE,3004,77647.0,62323.0,,,
Wesley College,MELBOURNE,3004,77647.0,62323.0,MELBOURNE,32.0,10.0
Wesley College,MELBOURNE,3004,77647.0,62323.0,GLEN WAVERLEY,30.0,5.9
Melbourne Grammar School,MELBOURNE,3004,77647.0,62323.0,MELBOURNE,34.0,23.4
Victorian College Of The Arts Secondary School,SOUTHBANK,3006,68832.0,55730.0,,,
Footscray High School,Footscray,3011,61098.0,53073.0,FOOTSCRAY,28.0,3.4
Williamstown High School,WILLIAMSTOWN,3016,84139.0,64270.0,WILLIAMSTOWN,31.0,10.9
Altona College,Altona,3018,71935.0,63268.0,ALTONA,29.0,0.0
Braybrook College,BRAYBROOK,3019,48590.0,44304.0,BRAYBROOK,31.0,9.4
Caroline Chisholm Catholic College,BRAYBROOK,3019,48590.0,44304.0,,,
Sunshine College,SUNSHINE,3020,49665.0,45673.0,SUNSHINE WEST,27.0,2.0
Marian College,SUNSHINE WEST,3020,49665.0,45673.0,,,
St Albans Secondary College,ST ALBANS,3021,46328.0,44109.0,ST ALBANS,30.0,7.7
Victoria University Secondary College,St. Albans,3021,46328.0,44109.0,,,
Catholic Regional College,ST ALBANS,3021,46328.0,44109.0,CAROLINE SPRINGS,,
Catholic Regional College,ST ALBANS,3021,46328.0,44109.0,MELTON WEST,28.0,2.0
Catholic Regional College,ST ALBANS,3021,46328.0,44109.0,SYDENHAM,29.0,3.7
Brookside P-9 College,Caroline Springs,3023,58317.0,53412.0,,,
Creekside K-9 College,Caroline Springs,3023,58317.0,53412.0,,,
Lakeview Senior College,Caroline Springs,3023,58317.0,53412.0,CAROLINE SPRINGS,28.0,5.1
Catholic Regional College Caroline Springs,CAROLINE SPRINGS,3023,58317.0,53412.0,,,
Southern Cross Grammar,CAROLINE SPRINGS,3023,58317.0,53412.0,CAROLINE SPRINGS,29.0,6.4
Manor Lakes P-12 College,Wyndham Vale,3024,58736.0,54108.0,WYNDHAM VALE,23.0,2.1
Bayside P-12 College,ALTONA NORTH,3025,66120.0,58725.0,NEWPORT,29.0,4.0
Mount St Joseph Girls' College,ALTONA NORTH,3025,66120.0,58725.0,ALTONA,31.0,8.6
Emmanuel College,ALTONA NORTH,3025,66120.0,58725.0,ALTONA NORTH,29.0,3.8
Emmanuel College,ALTONA NORTH,3025,66120.0,58725.0,WARRNAMBOOL,27.0,3.1
Laverton P-12 College,Laverton,3028,57827.0,52940.0,LAVERTON,22.0,0.7
Baden Powell P-9 College,HOPPERS CROSSING DC,3029,55780.0,51336.0,,,
Truganina P-9 College,Truganina,3029,55780.0,51336.0,,,
Dohertys Creek P-9 College,Truganina,3029,55780.0,51336.0,,,
Hoppers Crossing Secondary College,HOPPERS CROSSING,3029,55780.0,51336.0,,,
Tarneit Senior College,Tarneit,3029,55780.0,51336.0,TARNEIT,24.0,1.3
Tarneit P-9 College,Tarneit,3029,55780.0,51336.0,,,
Al-Taqwa College,HOPPERS CROSSING,3029,55780.0,51336.0,TRUGANINA,27.0,3.1
Thomas Carr College,TARNEIT,3029,55780.0,51336.0,TARNEIT,26.0,2.4
Islamic College of Melbourne,TARNEIT,3029,55780.0,51336.0,TARNEIT,30.0,5.8
Point Cook Prep - Year 9 College,POINT COOK,3030,63468.0,55776.0,,,
Carranballac P-9 College,Point Cook,3030,63468.0,55776.0,,,
Alamanda K-9 College,POINT COOK,3030,63468.0,55776.0,,,
Wyndham Central Secondary College,WERRIBEE,3030,63468.0,55776.0,,,
Homestead Senior Secondary College,Point Cook,3030,63468.0,55776.0,,,
Saltwater P-9 College,Point Cook,3030,63468.0,55776.0,,,
Werribee Secondary College,WERRIBEE,3030,63468.0,55776.0,WERRIBEE,30.0,5.6
The Grange P-12 College,WERRIBEE,3030,63468.0,55776.0,HOPPERS CROSSING,24.0,1.6
Point Cook Senior Secondary College,Point Cook,3030,63468.0,55776.0,,,
Suzanne Cory High School,Werribee,3030,63468.0,55776.0,WERRIBEE,34.0,19.0
Featherbrook P-9 College,Point Cook,3030,63468.0,55776.0,,,
MacKillop Catholic Regional College,WERRIBEE,3030,63468.0,55776.0,,,
Westbourne Grammar School,WERRIBEE,3030,63468.0,55776.0,TRUGANINA,34.0,15.4
Heathdale Christian College,WERRIBEE,3030,63468.0,55776.0,WERRIBEE,29.0,4.3
Good News Lutheran College,WERRIBEE,3030,63468.0,55776.0,TARNEIT,26.0,0.8
Mount Alexander 7-12 College,FLEMINGTON,3031,72119.0,61738.0,,,
Kensington Community High School,FLEMINGTON,3031,72119.0,61738.0,,,
Maribyrnong Secondary College,MARIBYRNONG,3032,69388.0,57047.0,,,
Overnewton Anglican Community College,KEILOR,3036,65805.0,55726.0,,,
Copperfield College,DELAHEY,3037,58983.0,53275.0,DELAHEY,27.0,2.2
Gilson College,TAYLORS HILL,3037,58983.0,53275.0,TAYLORS HILL,28.0,4.0
Gilson College,TAYLORS HILL,3037,58983.0,53275.0,MERNDA,26.0,6.5
Catholic Regional College Institute of Training,SYDENHAM,3037,58983.0,53275.0,,,
Keilor Downs Secondary College,Taylors Lakes,3038,60255.0,52960.0,,,
Taylors Lakes Secondary College,TAYLORS LAKES,3038,60255.0,52960.0,,,
Catholic Regional College North Keilor,TAYLORS LAKES,3038,60255.0,52960.0,,,
Buckley Park College,ESSENDON,3040,73488.0,58394.0,ESSENDON,30.0,7.3
St Columba's College,ESSENDON,3040,73488.0,58394.0,ESSENDON,33.0,13.1
Lowther Hall Anglican Grammar School,ESSENDON,3040,73488.0,58394.0,,,
St Bernard's College,ESSENDON,3040,73488.0,58394.0,ESSENDON,30.0,6.0
Ave Maria College,ABERFELDIE,3040,73488.0,58394.0,ABERFELDIE,32.0,9.1
Strathmore Secondary College,STRATHMORE,3041,71870.0,59360.0,STRATHMORE,30.0,5.3
Rosehill Secondary College,NIDDRIE,3042,66384.0,59506.0,NIDDRIE,29.0,2.8
Essendon Keilor College,NIDDRIE,3042,66384.0,59506.0,ESSENDON,24.0,1.2
Penleigh & Essendon Grammar School,NIDDRIE,3042,66384.0,59506.0,,,
Gladstone Park Secondary College,GLADSTONE PARK,3043,59907.0,55201.0,,,
Pascoe Vale Girls Secondary College,OAK PARK,3046,57071.0,51107.0,,,
Glenroy Secondary College,Glenroy,3046,57071.0,51107.0,GLENROY,20.0,0.7
Penola Catholic College,GLENROY,3046,57071.0,51107.0,BROADMEADOWS,27.0,1.0
Glenroy Private,GLENROY,3046,57071.0,51107.0,,,
Hume Central Secondary College,DALLAS,3047,43778.0,40125.0,,,
Ilim College,DALLAS,3047,43778.0,40125.0,BROADMEADOWS,30.0,6.8
Sirius College,DALLAS,3047,43778.0,40125.0,,,
St Mary's Coptic Orthodox College,DALLAS,3048,44958.0,42785.0,,,
St Aloysius College,NORTH MELBOURNE,3051,63344.0,51436.0,NORTH MELBOURNE,32.0,8.8
University High School,PARKVILLE,3052,61494.0,47121.0,PARKVILLE,32.0,13.3
Princes Hill Secondary College,PRINCES HILL,3054,73916.0,56324.0,,,
Sydney Road Community School,BRUNSWICK,3056,63945.0,55026.0,BRUNSWICK,25.0,0.0
Brunswick Secondary College,BRUNSWICK,3056,63945.0,55026.0,BRUNSWICK,29.0,4.9
Coburg High School,Coburg,3058,63138.0,54676.0,COBURG,28.0,3.2
Mercy College,COBURG,3058,63138.0,54676.0,COBURG,29.0,6.0
Australian International Academy of Education,COBURG,3058,63138.0,54676.0,,,
Antonine College,MORELAND,3058,63138.0,54676.0,PASCOE VALE SOUTH,27.0,0.6
Aitken College,GREENVALE,3059,62577.0,55113.0,GREENVALE,29.0,5.1
John Fawkner Secondary College,Fawkner,3060,52409.0,46579.0,,,
Darul Ulum College of Victoria,FAWKNER,3060,52409.0,46579.0,FAWKNER,31.0,14.0
OneSchool Global Vic,CAMPBELLFIELD,3061,48176.0,44577.0,MELTON,31.0,5.4
Roxburgh College,Somerton BC Somerton,3062,60269.0,61642.0,ROXBURGH PARK,24.0,1.4
Elevation Secondary College,Craigieburn,3064,54253.0,50768.0,,,
Craigieburn Secondary College,CRAIGIEBURN,3064,54253.0,50768.0,CRAIGIEBURN,22.0,1.1
Mount Ridley P-12 College,Craigieburn,3064,54253.0,50768.0,CRAIGIEBURN,25.0,0.7
Kolbe Catholic College,CRAIGIEBURN,3064,54253.0,50768.0,GREENVALE,26.0,2.0
Hume Anglican Grammar,CRAIGIEBURN,3064,54253.0,50768.0,MICKLEHAM,31.0,9.1
Academy of Mary Immaculate,FITZROY,3065,75116.0,58734.0,FITZROY,30.0,5.2
Collingwood College,ABBOTSFORD,3067,71734.0,62399.0,COLLINGWOOD,28.0,4.5
Sophia Mundi Steiner School,ABBOTSFORD,3067,71734.0,62399.0,,,
Fitzroy High School,FITZROY NORTH,3068,81381.0,63269.0,FITZROY NORTH,29.0,3.3
Northcote High School,NORTHCOTE,3070,74812.0,60646.0,NORTHCOTE,31.0,6.3
Santa Maria College,NORTHCOTE,3070,74812.0,60646.0,NORTHCOTE,31.0,9.7
Virtual School Victoria,THORNBURY,3071,66748.0,56863.0,THORNBURY,29.0,3.0
Victorian School Of Languages,THORNBURY,3071,66748.0,56863.0,,,
Thornbury High School,Thornbury,3071,66748.0,56863.0,THORNBURY,30.0,3.6
Northern College of the Arts and Technology,NORTHLAND,3072,61053.0,53174.0,,,
Preston High School,Preston,3072,61053.0,53174.0,,,
St John's College Preston,PRESTON,3072,61053.0,53174.0,,,
East Preston Islamic College,EAST PRESTON,3072,61053.0,53174.0,PRESTON EAST,21.0,0.0
Reservoir High School,RESERVOIR,3073,55362.0,50138.0,RESERVOIR,28.0,2.7
William Ruthven Secondary College,Reservoir,3073,55362.0,50138.0,,,
Thomastown Secondary College,THOMASTOWN,3074,49720.0,46210.0,THOMASTOWN,24.0,0.7
Lalor Secondary College,LALOR,3075,50545.0,46951.0,LALOR,27.0,0.7
Peter Lalor Secondary College,EPPING,3076,53896.0,50226.0,,,
Epping Secondary College,EPPING,3076,53896.0,50226.0,EPPING,28.0,2.3
Lalor North Secondary College,EPPING,3076,53896.0,50226.0,,,
St Monica's College,EPPING,3076,53896.0,50226.0,EPPING,28.0,3.5
Al Siraat College,EPPING,3076,53896.0,50226.0,EPPING,28.0,1.7
Alphington Grammar School,ALPHINGTON,3078,74427.0,58476.0,ALPHINGTON,31.0,4.8
Ivanhoe Grammar School,IVANHOE,3079,81369.0,62144.0,IVANHOE,32.0,11.1
Ivanhoe Grammar School,IVANHOE,3079,81369.0,62144.0,MERNDA,33.0,15.5
Ivanhoe Girls' Grammar School,IVANHOE,3079,81369.0,62144.0,IVANHOE,35.0,25.7
Mill Park Secondary College,MILL PARK,3082,56421.0,51187.0,EPPING,25.0,1.7
Bundoora Secondary College,BUNDOORA,3083,54536.0,47727.0,BUNDOORA,25.0,0.0
Parade College,BUNDOORA,3083,54536.0,47727.0,BUNDOORA,30.0,3.2
Northside Christian College,BUNDOORA,3083,54536.0,47727.0,BUNDOORA,31.0,7.9
Viewbank College,VIEWBANK,3084,74543.0,60744.0,VIEWBANK,30.0,5.3
Our Lady of Mercy College,HEIDELBERG,3084,74543.0,60744.0,HEIDELBERG,32.0,11.6
Macleod College,MACLEOD,3085,69369.0,59404.0,MACLEOD,25.0,2.8
Charles La Trobe P-12 College,Macleod West,3085,69369.0,59404.0,PRESTON,,
Charles La Trobe P-12 College,Macleod West,3085,69369.0,59404.0,MACLEOD WEST,24.0,0.5
Loyola College,WATSONIA,3087,64448.0,58161.0,WATSONIA,30.0,4.9
Greensborough Secondary College,GREENSBOROUGH,3088,66340.0,57779.0,,,
Diamond Valley College,DIAMOND CREEK,3089,66771.0,57124.0,DIAMOND CREEK,25.0,2.0
Montmorency Secondary College,MONTMORENCY,3094,68143.0,59541.0,,,
Eltham High School,ELTHAM,3095,71820.0,57405.0,ELTHAM,29.0,5.1
St Helena Secondary College,ELTHAM NORTH,3095,71820.0,57405.0,ELTHAM,29.0,5.8
Catholic Ladies' College Ltd,ELTHAM,3095,71820.0,57405.0,,,
Eltham College,ELTHAM,3095,71820.0,57405.0,RESEARCH,32.0,9.3
Ruyton Girls' School,KEW,3101,86597.0,57562.0,KEW,36.0,27.1
Methodist Ladies' College,KEW,3101,86597.0,57562.0,,,
Xavier College,KEW,3101,86597.0,57562.0,KEW,34.0,19.2
Trinity Grammar School Kew,KEW,3101,86597.0,57562.0,,,
Genazzano FCJ College,KEW,3101,86597.0,57562.0,,,
Carey Baptist Grammar School,KEW,3101,86597.0,57562.0,KEW,33.0,11.9
Kew High School,KEW EAST,3102,80461.0,56954.0,KEW EAST,31.0,10.8
Fintona Girls' School,BALWYN,3103,76768.0,52116.0,,,
Camberwell Grammar School,BALWYN,3103,76768.0,52116.0,CANTERBURY,34.0,21.4
Preshil The Margaret Lyttle Memorial School,BALWYN,3103,76768.0,52116.0,,,
Balwyn High School,BALWYN NORTH,3104,74688.0,54252.0,BALWYN NORTH,33.0,17.5
Marcellin College,BULLEEN,3105,65723.0,53110.0,BULLEEN,30.0,7.5
Templestowe College,TEMPLESTOWE LOWER,3107,66472.0,53899.0,TEMPLESTOWE LOWE,30.0,6.4
Doncaster Secondary College,DONCASTER,3108,59915.0,48868.0,DONCASTER,30.0,5.5
East Doncaster Secondary College,DONCASTER EAST,3109,62653.0,50977.0,,,
Whitefriars College Inc,DONVALE,3111,69823.0,52564.0,,,
Donvale Christian College,DONVALE,3111,69823.0,52564.0,DONVALE,32.0,10.0
Warrandyte High School,Warrandyte,3113,71739.0,55115.0,WARRANDYTE,27.0,2.3
Lynall Hall Community School,RICHMOND,3121,80342.0,67857.0,RICHMOND,,
Richmond High School,Richmond,3121,80342.0,67857.0,,,
Melbourne Girls College,RICHMOND,3121,80342.0,67857.0,,,
Brosnan Learning Centre,RICHMOND,3121,80342.0,67857.0,,,
Swinburne Senior Secondary College,HAWTHORN,3122,82339.0,59835.0,,,
Scotch College,HAWTHORN,3122,82339.0,59835.0,HAWTHORN,35.0,23.4
Bialik College,HAWTHORN EAST,3122,82339.0,59835.0,HAWTHORN,38.0,39.9
Auburn High School,Hawthorn East,3123,82326.0,60581.0,HAWTHORN EAST,31.0,8.7
Alia College,HAWTHORN EAST,3123,82326.0,60581.0,HAWTHORN EAST,23.0,2.6
SEDA College (Victoria),HAWTHORN EAST,3123,82326.0,60581.0,,,
Siena College Ltd,CAMBERWELL,3124,86333.0,58946.0,,,
Presbyterian Ladies' College,BURWOOD,3125,57028.0,41948.0,BURWOOD,36.0,27.6
Mount Scopus Memorial College,BURWOOD,3125,57028.0,41948.0,BURWOOD,38.0,39.7
Camberwell High School,CANTERBURY,3126,95165.0,58703.0,CANTERBURY,30.0,5.8
Canterbury Girls Secondary College,CANTERBURY,3126,95165.0,58703.0,,,
Strathcona Baptist Girls' Grammar,CANTERBURY,3126,95165.0,58703.0,,,
Camberwell Girls Grammar School,CANTERBURY,3126,95165.0,58703.0,,,
Box Hill High School,BOX HILL,3128,57245.0,44494.0,BOX HILL,32.0,14.8
Kingswood College,BOX HILL,3128,57245.0,44494.0,BOX HILL,33.0,14.9
Box Hill Senior Secondary College,MONT ALBERT NORTH,3129,65418.0,52115.0,,,
Koonung Secondary College,MONT ALBERT NORTH,3129,65418.0,52115.0,MONT ALBERT NORTH,32.0,9.0
Our Lady of Sion College,KERRIMUIR,3129,65418.0,52115.0,BOX HILL,32.0,10.4
Blackburn High School,BLACKBURN,3130,67608.0,54844.0,BLACKBURN,30.0,7.1
Nunawading Christian College-Secondary,NUNAWADING,3131,62361.0,53152.0,,,
Mullauna Secondary College,MITCHAM,3132,66162.0,56357.0,,,
Vermont Secondary College,Vermont,3133,64208.0,53058.0,VERMONT,31.0,8.5
Emmaus College,VERMONT SOUTH,3133,64208.0,53058.0,VERMONT SOUTH,31.0,7.2
Waverley Christian College,VERMONT,3133,64208.0,53058.0,WANTIRNA SOUTH,33.0,13.1
Norwood Secondary College,RINGWOOD,3134,63801.0,53640.0,RINGWOOD,29.0,2.4
Ringwood Secondary College,RINGWOOD,3134,63801.0,53640.0,RINGWOOD,30.0,9.9
Aquinas College,RINGWOOD,3134,63801.0,53640.0,RINGWOOD,30.0,6.3
Yarra Valley Grammar,RINGWOOD,3134,63801.0,53640.0,,,
Melbourne Rudolf Steiner School,WARRANWOOD,3134,63801.0,53640.0,,,
Heathmont College,HEATHMONT,3135,64081.0,55649.0,HEATHMONT,26.0,2.0
Tintern Grammar,RINGWOOD EAST,3135,64081.0,55649.0,RINGWOOD EAST,31.0,7.3
Croydon Community School,Croydon,3136,61290.0,53705.0,CROYDON,,
Melba Secondary College,Croydon,3136,61290.0,53705.0,,,
Luther College,CROYDON HILLS,3136,61290.0,53705.0,CROYDON HILLS,33.0,10.9
Mooroolbark College,MOOROOLBARK,3138,59565.0,53062.0,MOOROOLBARK,28.0,2.9
Yarra Hills Secondary College,MOOROOLBARK,3138,59565.0,53062.0,MOOROOLBARK,25.0,1.3
Billanook College,MOOROOLBARK,3138,59565.0,53062.0,MOOROOLBARK,31.0,9.6
Lilydale Heights College,Lilydale,3140,58416.0,51348.0,LILYDALE,25.0,0.0
Lilydale High School,LILYDALE,3140,58416.0,51348.0,LILYDALE,28.0,2.0
Mount Lilydale Mercy College,LILYDALE,3140,58416.0,51348.0,LILYDALE,28.0,2.4
Oxley Christian College,LILYDALE,3140,58416.0,51348.0,CHIRNSIDE PARK,31.0,7.7
Edinburgh College,LILYDALE,3140,58416.0,51348.0,LILYDALE,30.0,2.3
Melbourne High School,SOUTH YARRA,3141,82166.0,65269.0,SOUTH YARRA,37.0,30.4
Melbourne Girls Grammar,SOUTH YARRA,3141,82166.0,65269.0,SOUTH YARRA,35.0,21.3
St Catherine's School,TOORAK,3142,99252.0,60000.0,TOORAK,35.0,25.0
Loreto Mandeville Hall,TOORAK,3142,99252.0,60000.0,TOORAK,36.0,29.3
St Kevin's College,TOORAK,3142,99252.0,60000.0,TOORAK,35.0,25.9
Lauriston Girls' School,ARMADALE,3143,89280.0,65311.0,,,
De La Salle College,MALVERN,3144,98471.0,60770.0,MALVERN,30.0,8.5
The King David School,MALVERN,3144,98471.0,60770.0,ARMADALE,36.0,26.0
Glen Eira College,CAULFIELD EAST,3145,81707.0,55268.0,CAULFIELD EAST,31.0,5.9
Korowa Anglican Girls' School,GLEN IRIS,3146,88881.0,62658.0,GLEN IRIS,36.0,20.8
Sacre Coeur,GLEN IRIS,3146,88881.0,62658.0,GLEN IRIS,35.0,20.8
Ashwood High School,ASHWOOD,3147,77223.0,57620.0,ASHWOOD,28.0,2.1
Salesian College,CHADSTONE,3148,61744.0,53140.0,CHADSTONE,30.0,4.0
Mount Waverley Secondary College,MOUNT WAVERLEY,3149,66200.0,53424.0,,,
Huntingtower School,MOUNT WAVERLEY,3149,66200.0,53424.0,MOUNT WAVERLEY,36.0,24.7
Avila College,MOUNT WAVERLEY,3149,66200.0,53424.0,MOUNT WAVERLEY,31.0,7.1
Brentwood Secondary College,GLEN WAVERLEY,3150,63201.0,51446.0,GLEN WAVERLEY,30.0,6.4
Highvale Secondary College,GLEN WAVERLEY,3150,63201.0,51446.0,GLEN WAVERLEY,30.0,9.3
Wheelers Hill Secondary College,WHEELERS HILL,3150,63201.0,51446.0,,,
Glen Waverley Secondary College,Glen Waverley,3150,63201.0,51446.0,,,
Forest Hill College,BURWOOD EAST,3151,57126.0,48762.0,BURWOOD EAST,25.0,3.7
Wantirna College,WANTIRNA,3152,61249.0,52423.0,WANTIRNA,27.0,4.1
The Knox School,WANTIRNA SOUTH,3152,61249.0,52423.0,WANTIRNA SOUTH,33.0,9.9
St Andrews Christian College,KNOX CITY CENTRE,3152,61249.0,52423.0,WANTIRNA SOUTH,33.0,13.9
Bayswater Secondary College,BAYSWATER,3153,56800.0,52269.0,BAYSWATER,25.0,0.0
Boronia K-12 College,Boronia,3155,57623.0,52968.0,BORONIA,23.0,1.3
Fairhills High School,FERNTREE GULLY,3156,61027.0,53349.0,KNOXFIELD,24.0,1.0
St Joseph's College,FERNTREE GULLY,3156,61027.0,53349.0,ECHUCA,29.0,3.6
St Joseph's College,FERNTREE GULLY,3156,61027.0,53349.0,FERNTREE GULLY,32.0,7.9
St Joseph's College,FERNTREE GULLY,3156,61027.0,53349.0,MILDURA,29.0,4.2
St Joseph's College,FERNTREE GULLY,3156,61027.0,53349.0,NEWTOWN,31.0,8.8
Upwey High School,UPWEY,3158,62800.0,54999.0,UPWEY,26.0,3.1
Mater Christi College,BELGRAVE,3160,62287.0,54364.0,BELGRAVE,32.0,8.3
Belgrave Heights Christian School,BELGRAVE HEIGHTS,3160,62287.0,54364.0,,,
Oakwood School,CAULFIELD NORTH,3161,73318.0,53295.0,CAULFIELD NORTH,,
Shelford Girls' Grammar,CAULFIELD,3161,73318.0,53295.0,CAULFIELD,35.0,18.2
Leibler Yavneh College,CAULFIELD SOUTH,3162,74695.0,55766.0,ELSTERNWICK,35.0,23.5
Japanese School of Melbourne,CAULFIELD SOUTH,3162,74695.0,55766.0,,,
Melbourne Montessori School,CAULFIELD SOUTH,3162,74695.0,55766.0,BRIGHTON EAST,,
Bentleigh Secondary College,BENTLEIGH EAST,3165,70479.0,58376.0,BENTLEIGH EAST,29.0,5.5
St James'  College,BENTLEIGH EAST,3165,70479.0,58376.0,,,
Sacred Heart Girls' College,OAKLEIGH,3166,63293.0,53672.0,HUGHESDALE,34.0,12.9
Oakleigh Grammar,OAKLEIGH,3166,63293.0,53672.0,OAKLEIGH,31.0,3.4
South Oakleigh Secondary College,OAKLEIGH SOUTH,3167,61241.0,52222.0,,,
Westall Secondary College,CLAYTON SOUTH,3169,51742.0,46798.0,CLAYTON SOUTH,27.0,3.5
Heatherton Christian College,CLARINDA,3169,51742.0,46798.0,CLARINDA,28.0,5.0
Wellington Secondary College,MULGRAVE,3170,60286.0,53173.0,MULGRAVE,29.0,5.6
Mazenod College,MULGRAVE,3170,60286.0,53173.0,MULGRAVE,32.0,10.9
Nazareth College,WAVERLEY GARDENS,3170,60286.0,53173.0,NOBLE PARK NORTH,29.0,9.1
Killester College,SPRINGVALE,3171,43919.0,40526.0,SPRINGVALE,31.0,3.7
Minaret College,SPRINGVALE,3171,43919.0,40526.0,OFFICER,27.0,0.6
Minaret College,SPRINGVALE,3171,43919.0,40526.0,SPRINGVALE,29.0,5.1
Keysborough Secondary College,Springvale South,3172,53203.0,47426.0,,,
Haileybury College,KEYSBOROUGH,3173,55720.0,50284.0,KEYSBOROUGH,35.0,26.8
Lighthouse Christian College,KEYSBOROUGH,3173,55720.0,50284.0,KEYSBOROUGH,30.0,4.6
Lighthouse Christian College,KEYSBOROUGH,3173,55720.0,50284.0,CRANBOURNE,31.0,6.8
Mt Hira College,KEYSBOROUGH,3173,55720.0,50284.0,KEYSBOROUGH,26.0,3.5
Haileybury Girls College,KEYSBOROUGH,3173,55720.0,50284.0,KEYSBOROUGH,36.0,29.2
Carwatha College P-12,NOBLE PARK,3174,46736.0,44666.0,NOBLE PARK NORTH,27.0,2.6
Noble Park Secondary College,NOBLE PARK,3174,46736.0,44666.0,NOBLE PARK,25.0,1.5
Lyndale Secondary College,DANDENONG NORTH,3175,48060.0,45000.0,DANDENONG NORTH,28.0,1.1
Dandenong High School,DANDENONG,3175,48060.0,45000.0,DANDENONG,24.0,1.6
St John's Regional College,DANDENONG,3175,48060.0,45000.0,DANDENONG,25.0,1.3
Cornish College,BANGHOLME,3175,48060.0,45000.0,BANGHOLME,29.0,5.3
Doveton College,DOVETON,3177,45837.0,45055.0,,,
Rowville Secondary College,ROWVILLE,3178,62252.0,54788.0,ROWVILLE,25.0,1.9
Scoresby Secondary College,SCORESBY,3179,58242.0,51812.0,SCORESBY,25.0,1.1
Prahran High School,Windsor,3181,78771.0,64803.0,,,
Presentation College Windsor,WINDSOR,3181,78771.0,64803.0,,,
St MaryÂ’s College Melbourne,ST KILDA,3182,69095.0,57970.0,,,
St Michael's Grammar School,ST KILDA,3182,69095.0,57970.0,ST KILDA,32.0,12.7
Cheder Levi Yitzchok Inc,ST KILDA,3182,69095.0,57970.0,,,
Yeshivah College,ST KILDA EAST,3183,67852.0,57267.0,ST KILDA EAST,34.0,15.9
Beth Rivkah Ladies College,ST KILDA EAST,3183,67852.0,57267.0,ST KILDA EAST,37.0,30.2
Elwood College,ELWOOD,3184,80576.0,64548.0,ELWOOD,30.0,3.7
Yesodei HaTorah College,ELWOOD,3184,80576.0,64548.0,BRIGHTON,33.0,0.0
Caulfield Grammar School,ELSTERNWICK,3185,79823.0,60544.0,WHEELERS HILL,34.0,21.1
Caulfield Grammar School,ELSTERNWICK,3185,79823.0,60544.0,ST KILDA EAST,35.0,20.1
Adass Israel School,ELSTERNWICK,3185,79823.0,60544.0,ELSTERNWICK,,
Adass Israel School,ELSTERNWICK,3185,79823.0,60544.0,EAST ST KILDA,,
Divrei Emineh,ELSTERNWICK,3185,79823.0,60544.0,,,
Star of the Sea College,BRIGHTON,3186,103637.0,60517.0,BRIGHTON,34.0,16.9
Firbank Grammar School,BRIGHTON,3186,103637.0,60517.0,BRIGHTON,35.0,22.9
Brighton Grammar School,BRIGHTON,3186,103637.0,60517.0,BRIGHTON,35.0,25.1
Brighton Secondary College,BRIGHTON EAST,3187,91512.0,61966.0,BRIGHTON EAST,30.0,9.0
St Leonard's College,BRIGHTON EAST,3187,91512.0,61966.0,BRIGHTON EAST,34.0,17.2
Cheltenham Secondary College,MOORABBIN,3189,67481.0,57136.0,CHELTENHAM,29.0,5.7
Sandringham College,SANDRINGHAM,3191,90913.0,62938.0,SANDRINGHAM,30.0,7.9
Beaumaris Secondary College,Beaumaris,3193,88820.0,59796.0,,,
Tombolo Academy,BEAUMARIS,3193,88820.0,59796.0,,,
Mentone Girls Secondary College,MENTONE,3194,70211.0,59819.0,,,
Kilbreda College,MENTONE,3194,70211.0,59819.0,MENTONE,33.0,13.1
Mentone Grammar School,MENTONE,3194,70211.0,59819.0,MENTONE,34.0,16.7
Mentone Girls' Grammar School,MENTONE,3194,70211.0,59819.0,MENTONE,35.0,17.9
St Bede's College,MENTONE,3194,70211.0,59819.0,MENTONE,30.0,5.9
Mordialloc College,MORDIALLOC,3195,70672.0,59343.0,MORDIALLOC,30.0,7.7
Parkdale Secondary College,MORDIALLOC,3195,70672.0,59343.0,MORDIALLOC,30.0,4.5
Patterson River Secondary College,SEAFORD,3198,59323.0,54085.0,,,
Mount Erin Secondary College,FRANKSTON SOUTH,3199,58074.0,51193.0,,,
Frankston High School,FRANKSTON,3199,58074.0,51193.0,FRANKSTON,31.0,9.8
McClelland Secondary College,FRANKSTON,3199,58074.0,51193.0,FRANKSTON,29.0,3.6
John Paul College,FRANKSTON EAST,3199,58074.0,51193.0,FRANKSTON,29.0,5.3
Bayside Christian College,FRANKSTON,3199,58074.0,51193.0,LANGWARRIN SOUTH,30.0,5.0
Monterey Secondary College,FRANKSTON NORTH,3200,47617.0,46146.0,FRANKSTON NORTH,26.0,0.0
Carrum Downs Secondary College,CARRUM DOWNS,3201,55508.0,52771.0,,,
McKinnon Secondary College,MCKINNON,3204,74927.0,57544.0,MCKINNON,33.0,17.2
Kilvington Grammar School,ORMOND,3204,74927.0,57544.0,ORMOND,35.0,20.2
Our Lady of the Sacred Heart College,BENTLEIGH,3204,74927.0,57544.0,,,
Youth2Industry College,SOUTH MELBOURNE,3205,84350.0,66561.0,,,
Albert Park College,Albert Park,3206,115483.0,71490.0,ALBERT PARK,31.0,10.1
Lara Secondary College,LARA,3212,62541.0,56564.0,LARA,25.0,0.0
Northern Bay P-12 College,CORIO,3214,46424.0,44411.0,CORIO,24.0,1.9
Geelong Grammar School,CORIO,3214,46424.0,44411.0,CORIO,31.0,8.7
North Geelong Secondary College,NORTH GEELONG,3215,58232.0,51732.0,,,
Kardinia International College,GEELONG,3215,58232.0,51732.0,,,
Grovedale College,GROVEDALE,3216,58795.0,50315.0,GROVEDALE,25.0,2.0
Belmont High School,BELMONT,3216,58795.0,50315.0,BELMONT,28.0,6.3
Oberon High School,Armstrong Creek,3216,58795.0,50315.0,ARMSTRONG CREEK,29.0,4.0
Christian College Geelong,HIGHTON,3216,58795.0,50315.0,,,
Iona College Geelong,CHARLEMONT,3217,60216.0,55153.0,,,
Clonard College,HERNE HILL,3218,63271.0,54692.0,HERNE HILL,30.0,5.6
Geelong High School,EAST GEELONG,3219,53124.0,48451.0,EAST GEELONG,27.0,3.1
Newcomb Secondary College,NEWCOMB,3219,53124.0,48451.0,NEWCOMB,26.0,3.2
Matthew Flinders Girls Secondary College,GEELONG,3220,66052.0,52212.0,,,
Western Heights Secondary College,GEELONG,3220,66052.0,52212.0,,,
Sacred Heart College,NEWTOWN,3220,66052.0,52212.0,YARRAWONGA,28.0,3.4
The Geelong College,NEWTOWN,3220,66052.0,52212.0,NEWTOWN,32.0,13.0
St Joseph's College Geelong,NEWTOWN,3220,66052.0,52212.0,,,
Geelong Lutheran College,GEELONG,3220,66052.0,52212.0,ARMSTRONG CREEK,28.0,4.2
Covenant College,GEELONG,3221,65830.0,52818.0,BELL POST HILL,30.0,8.0
Geelong Baptist College,LOVELY BANKS,3221,65830.0,52818.0,LOVELY BANKS,25.0,1.9
Bellarine Secondary College,DRYSDALE,3222,55743.0,49770.0,DRYSDALE,26.0,3.1
Saint Ignatius College Geelong,DRYSDALE,3222,55743.0,49770.0,,,
Surf Coast Secondary College,Torquay,3228,65548.0,54212.0,,,
Lorne P-12 College,Lorne P-12 College,3232,43508.0,38098.0,LORNE,27.0,1.9
Apollo Bay P-12 College,APOLLO BAY,3233,42557.0,35944.0,APOLLO BAY,29.0,1.5
Lavers Hill K-12 College,LAVERS HILL,3238,43306.0,39088.0,LAVERS HILL,27.0,0.0
Colac Secondary College,Colac,3250,50264.0,47314.0,COLAC,24.0,1.1
Trinity College Colac Inc,COLAC,3250,50264.0,47314.0,,,
Camperdown College,CAMPERDOWN,3260,48579.0,43935.0,CAMPERDOWN,29.0,8.1
Mercy Regional College,CAMPERDOWN,3260,48579.0,43935.0,CAMPERDOWN,26.0,1.1
Terang College,TERANG,3264,48814.0,44959.0,,,
Cobden Technical School,COBDEN,3266,48031.0,44458.0,COBDEN,25.0,0.0
Timboon P-12 School,TIMBOON,3268,46566.0,40580.0,TIMBOON,28.0,1.0
Mortlake P-12 College,MORTLAKE,3272,43835.0,41600.0,,,
Brauer Secondary College,Warrnambool,3280,51319.0,46242.0,,,
Warrnambool College,Warrnambool,3280,51319.0,46242.0,WARRNAMBOOL,26.0,2.7
Emmanuel College Inc.,WARRNAMBOOL,3280,51319.0,46242.0,,,
King's College,WARRNAMBOOL,3280,51319.0,46242.0,,,
Hawkesdale P12 College,HAWKESDALE,3287,42002.0,36675.0,,,
Baimbridge College,HAMILTON,3300,49304.0,45316.0,HAMILTON,24.0,0.7
The Hamilton and Alexandra College,HAMILTON,3300,49304.0,45316.0,,,
Monivae College,HAMILTON,3300,49304.0,45316.0,HAMILTON,28.0,4.5
Good Shepherd College,HAMILTON,3300,49304.0,45316.0,HAMILTON,26.0,8.5
Heywood District Secondary College,HEYWOOD,3304,50243.0,45752.0,,,
Portland Secondary College,PORTLAND,3305,56483.0,49104.0,PORTLAND,28.0,3.2
Bayview College,PORTLAND,3305,56483.0,49104.0,PORTLAND,30.0,4.2
Casterton Secondary College,CASTERTON,3311,47915.0,43740.0,CASTERTON,33.0,4.2
Edenhope College,EDENHOPE,3318,44015.0,40400.0,EDENHOPE,27.0,3.0
Derrinallum P-12 College,DERRINALLUM,3325,42801.0,39402.0,,,
Bannockburn P-12 College,BANNOCKBURN,3331,60471.0,54540.0,,,
Springside West Secondary College,Fraser Rise,3336,,,,,
Melton Secondary College,MELTON,3337,54689.0,51291.0,MELTON,26.0,4.7
Kurunjang Secondary College,MELTON,3337,54689.0,51291.0,MELTON,25.0,1.7
Catholic Regional College,MELTON,3337,54689.0,51291.0,CAROLINE SPRINGS,,
Catholic Regional College,MELTON,3337,54689.0,51291.0,MELTON WEST,28.0,2.0
Catholic Regional College,MELTON,3337,54689.0,51291.0,SYDENHAM,29.0,3.7
Melton Christian College,MELTON,3337,54689.0,51291.0,BROOKFIELD,26.0,0.6
Staughton College,MELTON SOUTH,3338,56247.0,52408.0,MELTON SOUTH,27.0,3.1
Al Iman College,MELTON SOUTH,3338,56247.0,52408.0,,,
Bacchus Marsh College,BACCHUS MARSH,3340,62158.0,55522.0,BACCHUS MARSH,24.0,0.8
Bacchus Marsh Grammar,BACCHUS MARSH,3340,62158.0,55522.0,BACCHUS MARSH,31.0,10.1
Mount Clear College,BALLARAT,3350,57283.0,50000.0,MOUNT CLEAR,27.0,2.1
St Patrick's College Ballarat,BALLARAT,3350,57283.0,50000.0,,,
Loreto College,BALLARAT,3350,57283.0,50000.0,BALLARAT,31.0,6.3
Damascus College,MOUNT CLEAR,3350,57283.0,50000.0,MOUNT CLEAR,28.0,2.9
Ballarat Clarendon College,BALLARAT,3350,57283.0,50000.0,BALLARAT,38.0,38.4
Lake Bolac College,LAKE BOLAC,3351,53813.0,48714.0,LAKE BOLAC,,
Woodmans Hill Secondary College,Bakery Hill,3354,,,BALLARAT EAST,24.0,1.0
Yuille Park P-8 Community College,Wendouree,3355,50669.0,45840.0,,,
Ballarat High School,LAKE GARDENS,3355,50669.0,45840.0,BALLARAT,28.0,3.9
Mount Rowan Secondary College,Wendouree,3355,50669.0,45840.0,WENDOUREE,25.0,0.0
Ballarat Grammar,WENDOUREE,3355,50669.0,45840.0,WENDOUREE,32.0,10.6
Phoenix P-12 Community College,Sebastopol,3356,48140.0,45583.0,,,
Ballarat Christian College,SEBASTOPOL,3356,48140.0,45583.0,SEBASTOPOL,29.0,2.4
Beaufort Secondary College,Beaufort,3373,51989.0,45790.0,BEAUFORT,28.0,0.0
Ararat Secondary College,ARARAT,3377,52066.0,47968.0,ARARAT,23.0,0.0
Marian College,ARARAT,3377,52066.0,47968.0,,,
Stawell Secondary College,STAWELL,3380,51116.0,47322.0,STAWELL,25.0,2.4
Murtoa College,MURTOA,3390,43691.0,41762.0,,,
Warracknabeal Secondary College,WARRACKNABEAL,3393,46267.0,43764.0,,,
Hopetoun P-12 College,Hopetoun,3396,41611.0,39009.0,HOPETOUN,31.0,0.0
Horsham College,HORSHAM,3402,,,HORSHAM,29.0,1.8
St Brigid's College,HORSHAM,3402,,,HORSHAM,27.0,4.8
Holy Trinity Lutheran College,HORSHAM,3402,,,HORSHAM,29.0,10.0
Balmoral K-12 Community College,Balmoral,3407,40972.0,36482.0,,,
Goroke P-12 College,GOROKE,3412,50998.0,37738.0,GOROKE,,
Dimboola Memorial Secondary College,DIMBOOLA,3414,50774.0,45147.0,,,
Nhill College,NHILL,3418,44368.0,43462.0,NHILL,27.0,1.3
Kaniva College,KANIVA,3419,43491.0,38265.0,,,
Rainbow P-12 College,Rainbow,3424,42245.0,40551.0,RAINBOW,28.0,0.0
Sunbury College,Sunbury,3429,62356.0,55881.0,SUNBURY,25.0,1.7
Sunbury Downs Secondary College,SUNBURY,3429,62356.0,55881.0,,,
Salesian College,SUNBURY,3429,62356.0,55881.0,CHADSTONE,30.0,4.0
Red Rock Christian College,SUNBURY,3429,62356.0,55881.0,,,
Alice Miller School,ROMSEY,3434,63200.0,54519.0,MACEDON,32.0,9.3
Gisborne Secondary College,GISBORNE,3437,72624.0,60838.0,GISBORNE,26.0,2.1
Braemar College,WOODEND,3442,72000.0,57365.0,WOODEND,32.0,12.1
Kyneton High School,KYNETON,3444,59453.0,49968.0,,,
Sacred Heart College,KYNETON,3444,59453.0,49968.0,YARRAWONGA,28.0,3.4
Castlemaine Secondary College,CASTLEMAINE,3450,51187.0,44933.0,CASTLEMAINE,28.0,6.5
Castlemaine Steiner School & Kindergarten,CASTLEMAINE,3450,51187.0,44933.0,,,
Olivet Christian College,CAMPBELLS CREEK,3451,52508.0,46984.0,,,
Daylesford Secondary College,DAYLESFORD,3460,52140.0,42634.0,DAYLESFORD,27.0,2.0
Maryborough Education Centre,Maryborough,3465,45704.0,42715.0,MARYBOROUGH,27.0,1.2
Highview College,MARYBOROUGH,3465,45704.0,42715.0,,,
St Arnaud Secondary College,ST ARNAUD,3478,46251.0,42244.0,ST ARNAUD,29.0,0.0
Donald High School,DONALD,3480,43844.0,39528.0,DONALD,28.0,8.8
Birchip P-12 School,BIRCHIP,3483,46623.0,41831.0,BIRCHIP,28.0,7.0
Ouyen P-12 College,OUYEN,3490,46599.0,42184.0,OUYEN,27.0,0.0
Werrimull P-12 School,WERRIMULL,3496,46034.0,43156.0,,,
Red Cliffs Secondary College,RED CLIFFS,3496,46034.0,43156.0,RED CLIFFS,24.0,0.6
Irymple Secondary College,IRYMPLE,3498,50483.0,45434.0,,,
Henderson College,IRYMPLE,3498,50483.0,45434.0,,,
Mildura Christian College,IRYMPLE,3498,50483.0,45434.0,,,
St Joseph's College Mildura,MILDURA,3500,49597.0,45420.0,,,
Trinity Lutheran College,MILDURA,3500,49597.0,45420.0,,,
Chaffey Secondary College,MILDURA,3502,,,,,
Mildura Senior College,MILDURA,3502,,,MILDURA,25.0,1.3
Merbein P-10 College,Merbein,3505,49027.0,45577.0,,,
Murrayville Community College,MURRAYVILLE,3512,42280.0,36678.0,MURRAYVILLE,29.0,0.0
Wedderburn College,WEDDERBURN,3518,42954.0,41854.0,WEDDERBURN,30.0,5.6
Charlton College,CHARLTON,3525,44141.0,40549.0,CHARLTON,31.0,11.1
Wycheproof P-12 College,WYCHEPROOF,3527,46081.0,43391.0,WYCHEPROOF,28.0,15.0
Tyrrell College,SEA LAKE,3533,45735.0,43018.0,SEA LAKE,34.0,12.2
Boort District P-12 School,Boort,3537,44945.0,41518.0,BOORT,29.0,3.7
Manangatang P-12 College,MANANGATANG,3546,45359.0,43963.0,MANANGATANG,,
Robinvale College,ROBINVALE,3549,41529.0,37101.0,ROBINVALE,27.0,0.0
St Mary's School,ROBINVALE,3549,41529.0,37101.0,,,
Bendigo South East 7-10 Secondary College,Strathdale,3550,54143.0,48115.0,,,
Catherine McAuley College,BENDIGO,3550,54143.0,48115.0,BENDIGO,29.0,6.2
Creek Street Christian College,BENDIGO,3550,54143.0,48115.0,,,
Girton Grammar School,BENDIGO,3550,54143.0,48115.0,BENDIGO,32.0,12.7
Victory Christian College,STRATHDALE,3550,54143.0,48115.0,STRATHDALE,27.0,1.8
Marist College Bendigo,MAIDEN GULLY,3551,58082.0,51948.0,MAIDEN GULLY,28.0,4.2
Weeroona College Bendigo,BENDIGO,3552,,,,,
Bendigo Senior Secondary College,BENDIGO,3552,,,,,
Crusoe 7-10 Secondary College,KANGAROO FLAT,3555,51114.0,48128.0,,,
Eaglehawk Secondary College,EAGLEHAWK,3556,48910.0,46432.0,,,
Rochester Secondary College,ROCHESTER,3561,47891.0,44177.0,ROCHESTER,31.0,4.2
Echuca College,ECHUCA,3564,50340.0,45185.0,ECHUCA,27.0,2.0
St Joseph's College,ECHUCA,3564,50340.0,45185.0,ECHUCA,29.0,3.6
St Joseph's College,ECHUCA,3564,50340.0,45185.0,FERNTREE GULLY,32.0,7.9
St Joseph's College,ECHUCA,3564,50340.0,45185.0,MILDURA,29.0,4.2
St Joseph's College,ECHUCA,3564,50340.0,45185.0,NEWTOWN,31.0,8.8
River City Christian College,ECHUCA,3564,50340.0,45185.0,,,
Cohuna Secondary College,COHUNA,3568,46986.0,42948.0,COHUNA,27.0,2.7
East Loddon P-12 College,DINGEE,3571,42550.0,36670.0,DINGEE,34.0,13.9
Pyramid Hill College,PYRAMID HILL,3575,41077.0,38276.0,,,
Kerang Technical High School,KERANG,3579,44221.0,41058.0,KERANG,28.0,6.5
Kerang Christian College,KERANG,3579,44221.0,41058.0,KERANG,25.0,0.0
Swan Hill College,SWAN HILL,3585,48911.0,45350.0,SWAN HILL,27.0,1.4
St Mary MacKillop College,SWAN HILL,3585,48911.0,45350.0,SWAN HILL,28.0,2.8
Rushworth P-12 College,RUSHWORTH,3612,48520.0,45568.0,RUSHWORTH,25.0,2.2
Kyabram P-12 College,KYABRAM,3619,,,KYABRAM,27.0,0.4
St Augustine's College,KYABRAM,3620,49529.0,46316.0,KYABRAM,26.0,1.2
Greater Shepparton Secondary College,Shepparton,3630,48998.0,44740.0,,,
Notre Dame College,SHEPPARTON,3630,48998.0,44740.0,SHEPPARTON,28.0,4.1
Shepparton Christian College Ltd,SHEPPARTON,3630,48998.0,44740.0,,,
Shepparton ACE Secondary College,SHEPPARTON,3630,48998.0,44740.0,,,
St Anne's College,KIALLA,3631,54658.0,48378.0,,,
Goulburn Valley Grammar School,SHEPPARTON,3632,,,,,
Numurkah Secondary College,NUMURKAH,3636,49516.0,46052.0,NUMURKAH,24.0,0.0
Nathalia Secondary College,NATHALIA,3638,47446.0,44478.0,NATHALIA,28.0,0.0
St Mary of the Angels College,NATHALIA,3638,47446.0,44478.0,,,
Cobram Secondary College,COBRAM,3644,48339.0,44073.0,COBRAM,26.0,0.9
Broadford Secondary College,BROADFORD,3658,57282.0,52013.0,BROADFORD,28.0,2.7
St Mary's College,SEYMOUR,3660,51436.0,46999.0,,,
Seymour College,Seymour,3661,,,SEYMOUR,26.0,2.6
Euroa Secondary College,EUROA,3666,48785.0,44042.0,EUROA,27.0,3.3
Benalla P-12 College,Benalla,3672,50217.0,46274.0,BENALLA,26.0,0.0
FCJ College,BENALLA,3672,50217.0,46274.0,,,
Australian Christian College Hume,BENALLA,3672,50217.0,46274.0,,,
Wangaratta High School,WANGARATTA,3676,,,WANGARATTA,26.0,3.9
Galen Catholic College,WANGARATTA,3676,,,,,
Cathedral College Wangaratta,WANGARATTA,3676,,,,,
Rutherglen High School,RUTHERGLEN,3685,51974.0,49701.0,RUTHERGLEN,25.0,1.1
Wodonga Middle Years College,Wodonga,3689,,,,,
Catholic College Wodonga,WODONGA,3689,,,WODONGA,29.0,3.2
Victory Lutheran College,WODONGA WEST,3689,,,WEST WODONGA,29.0,6.1
Wodonga Senior Secondary College,WODONGA,3690,53698.0,49988.0,,,
Grace Christian College Wodonga,LENEVA,3691,58246.0,53967.0,,,
Outdoor School,BOGONG,3699,45491.0,37030.0,,,
Mount Beauty Secondary College,MOUNT BEAUTY,3699,45491.0,37030.0,,,
Tallangatta Secondary College,TALLANGATTA,3700,48239.0,44352.0,TALLANGATTA,26.0,0.5
Corryong College,CORRYONG,3707,45874.0,39104.0,CORRYONG,31.0,9.2
Rubicon Outdoor School,THORNTON,3712,51202.0,45206.0,,,
Alexandra Secondary College,ALEXANDRA,3714,49870.0,44134.0,ALEXANDRA,27.0,5.2
Yea High School,YEA,3717,51386.0,42960.0,YEA,26.0,5.0
Mansfield Secondary College,MANSFIELD,3724,,,MANSFIELD,29.0,1.3
Mansfield Rudolf Steiner School,MANSFIELD,3724,,,,,
Yarrawonga College P-12,Yarrawonga,3730,49949.0,44212.0,YARRAWONGA,28.0,3.3
Sacred Heart College,YARRAWONGA,3730,49949.0,44212.0,YARRAWONGA,28.0,3.4
Myrtleford P-12 College,Myrtleford,3736,,,MYRTLEFORD,28.0,3.9
Marian College,MYRTLEFORD,3737,48539.0,44265.0,,,
Bright P-12 College,BRIGHT,3741,48404.0,41948.0,BRIGHT,30.0,2.6
Beechworth Secondary College,Beechworth,3747,52145.0,46620.0,BEECHWORTH,29.0,13.7
Edgars Creek Secondary College,Wollert,3750,57135.0,53519.0,,,
The Lakes South Morang College,South Morang,3752,59384.0,54000.0,,,
Marymede Catholic College,SOUTH MORANG,3752,59384.0,54000.0,SOUTH MORANG,30.0,6.8
Hazel Glen College,Doreen,3754,61238.0,55680.0,DOREEN,26.0,1.2
Mernda Central P-12 College,Mernda,3754,61238.0,55680.0,,,
Plenty Valley Christian College,DOREEN,3754,61238.0,55680.0,DOREEN,31.0,4.1
Wallan Secondary College,Wallan,3756,59117.0,54227.0,WALLAN,23.0,1.0
Whittlesea Secondary College,WHITTLESEA,3757,59011.0,51032.0,WHITTLESEA,23.0,1.8
Assumption College,KILMORE,3764,59784.0,53203.0,KILMORE,28.0,4.0
The Kilmore International School,KILMORE,3764,59784.0,53203.0,,,
Healesville High School,HEALESVILLE,3777,53943.0,47436.0,HEALESVILLE,27.0,1.3
Emerald Secondary College,EMERALD,3782,60982.0,52461.0,EMERALD,28.0,2.9
Sherbrooke Community School,SASSAFRAS,3787,65126.0,52570.0,SASSAFRAS,28.0,3.3
Monbulk College,MONBULK,3793,54527.0,48512.0,MONBULK,27.0,5.6
Mountain District Christian School,MONBULK,3793,54527.0,48512.0,,,
Mount Evelyn Christian School/Ranges TEC,MOUNT EVELYN,3796,57320.0,51539.0,,,
Upper Yarra Secondary College,Yarra Junction,3797,51162.0,45953.0,YARRA JUNCTION,27.0,1.5
Little Yarra Steiner School,YARRA JUNCTION,3797,51162.0,45953.0,YARRA JUNCTION,,
John Monash Science School,Monash University,3800,33410.0,12364.0,CLAYTON,34.0,17.1
Gleneagles Secondary College,Endeavour Hills,3802,54567.0,50264.0,ENDEAVOUR HILLS,28.0,5.2
Maranatha Christian School,ENDEAVOUR HILLS,3802,54567.0,50264.0,ENDEAVOUR HILLS,30.0,8.8
Hallam Senior Secondary College,Hallam,3803,50194.0,47009.0,,,
Fountain Gate Secondary College,Hallam,3803,50194.0,47009.0,,,
Narre Warren South P-12 College,NARRE WARREN SOUTH,3805,55224.0,50626.0,,,
Nossal High School,NARRE WARREN,3805,55224.0,50626.0,BERWICK,36.0,26.3
Alkira Secondary College,Narre Warren South,3805,55224.0,50626.0,CRANBOURNE NORTH,30.0,3.2
Timbarra P-9 College,BERWICK,3806,62547.0,54450.0,,,
Berwick Secondary College,BERWICK,3806,62547.0,54450.0,BERWICK,31.0,5.7
Kambrya College,BERWICK,3806,62547.0,54450.0,BERWICK,31.0,6.4
St Margaret's School,BERWICK,3806,62547.0,54450.0,BERWICK,35.0,27.9
Heritage College,BERWICK,3806,62547.0,54450.0,OFFICER,21.0,0.0
St Francis Xavier College,BEACONSFIELD,3807,64424.0,54866.0,BEACONSFIELD,29.0,5.9
Officer Secondary College,Officer,3809,60421.0,56269.0,OFFICER,25.0,1.1
Pakenham Secondary College,PAKENHAM,3810,55168.0,51175.0,PAKENHAM,27.0,0.6
Edenbrook Secondary College,Pakenham,3810,55168.0,51175.0,,,
Beaconhills College,PAKENHAM,3810,55168.0,51175.0,BERWICK,31.0,6.0
Beaconhills College,PAKENHAM,3810,55168.0,51175.0,PAKENHAM,30.0,5.0
Lakeside College,PAKENHAM,3810,55168.0,51175.0,,,
St Thomas Aquinas College,TYNONG,3813,55066.0,47734.0,TYNONG,27.0,2.0
Drouin Secondary College,DROUIN,3818,53660.0,47984.0,DROUIN,27.0,1.5
Chairo Christian School,DROUIN,3818,53660.0,47984.0,DROUIN,29.0,1.1
Chairo Christian School,DROUIN,3818,53660.0,47984.0,NAR NAR GOON,30.0,2.4
Warragul Regional College,WARRAGUL,3820,56982.0,48688.0,WARRAGUL,26.0,0.3
Marist-Sion College,WARRAGUL,3820,56982.0,48688.0,,,
St Paul's Anglican Grammar School,WARRAGUL,3820,56982.0,48688.0,,,
Trafalgar High School,TRAFALGAR,3824,59030.0,51036.0,TRAFALGAR,26.0,0.9
Lowanna College,MOE,3825,56857.0,47654.0,NEWBOROUGH,27.0,2.5
Neerim District Secondary College,NEERIM SOUTH,3831,55740.0,47259.0,,,
Kurnai College,Morwell BC,3841,,,CHURCHILL,27.0,0.7
Traralgon College,TRARALGON,3844,64749.0,54190.0,TRARALGON,26.0,1.7
Lavalla Catholic College,TRARALGON,3844,64749.0,54190.0,TRARALGON,28.0,5.4
Sale College,SALE,3850,60713.0,49829.0,SALE,25.0,0.4
Catholic College Sale,SALE,3850,60713.0,49829.0,SALE,28.0,5.2
Gippsland Grammar,SALE,3853,,,SALE,32.0,9.8
Maffra Secondary College,MAFFRA,3860,57118.0,48066.0,MAFFRA,26.0,2.6
Mirboo North Secondary College,MIRBOO NORTH,3871,57041.0,47819.0,,,
Bairnsdale Secondary College,BAIRNSDALE,3875,49920.0,45224.0,BAIRNSDALE,25.0,1.0
Nagle College,BAIRNSDALE,3875,49920.0,45224.0,BAIRNSDALE,29.0,3.0
Orbost Secondary College,ORBOST,3888,47465.0,39492.0,ORBOST,29.0,10.4
Cann River P-12 College,CANN RIVER,3890,47665.0,42280.0,CANN RIVER,24.0,0.0
Mallacoota P-12 College,MALLACOOTA,3892,41030.0,33635.0,MALLACOOTA,30.0,9.3
Swifts Creek P-12 School,Swifts Creek,3896,49251.0,41580.0,SWIFTS CREEK,24.0,3.8
Lakes Entrance Secondary College,LAKES ENTRANCE,3909,45859.0,39416.0,,,
Elisabeth Murdoch College,LANGWARRIN,3910,59969.0,53932.0,LANGWARRIN,28.0,3.2
Woodleigh School,LANGWARRIN SOUTH,3911,56250.0,51094.0,LANGWARRIN SOUTH,33.0,8.6
Somerville Secondary College,Somerville,3912,57912.0,51063.0,SOMERVILLE,25.0,0.0
Flinders Christian Community College,TYABB,3913,58228.0,49914.0,,,
Western Port Secondary College,HASTINGS,3915,53162.0,48531.0,,,
Newhaven College,RHYLL,3923,50309.0,41262.0,RHYLL,31.0,8.8
Mount Eliza Secondary College,MOUNT ELIZA,3930,74841.0,55393.0,,,
Toorak College,MT ELIZA,3930,74841.0,55393.0,MOUNT ELIZA,35.0,20.3
Peninsula Grammar,MT ELIZA,3930,74841.0,55393.0,MOUNT ELIZA,33.0,12.8
Mornington Secondary College,MORNINGTON,3931,59820.0,50180.0,MORNINGTON,27.0,4.0
Padua College,MORNINGTON,3931,59820.0,50180.0,MORNINGTON,30.0,5.1
Balcombe Grammar School,MT MARTHA,3934,65146.0,51872.0,MOUNT MARTHA,30.0,3.1
Dromana Secondary College,DROMANA,3936,55790.0,47424.0,DROMANA,30.0,5.0
Rosebud Secondary College,ROSEBUD,3939,50947.0,45042.0,ROSEBUD,27.0,2.3
Korumburra Secondary College,KORUMBURRA,3950,51482.0,45719.0,,,
Leongatha Secondary College,LEONGATHA,3953,51028.0,45371.0,LEONGATHA,27.0,1.9
Mary MacKillop Catholic Regional College,LEONGATHA,3953,51028.0,45371.0,,,
Foster Secondary College,FOSTER,3960,49704.0,40852.0,FOSTER,28.0,5.4
Yarram Secondary College,YARRAM,3971,47997.0,43088.0,YARRAM,25.0,0.0
Hampton Park Secondary College,HAMPTON PARK,3976,50053.0,48681.0,,,
Lyndhurst Secondary College,CRANBOURNE,3977,55776.0,51798.0,CRANBOURNE,26.0,4.3
Cranbourne Secondary College,CRANBOURNE,3977,55776.0,51798.0,CRANBOURNE,28.0,2.9
Cranbourne West Secondary College,Cranbourne West,3977,55776.0,51798.0,,,
Cranbourne East Secondary College,Cranbourne,3977,55776.0,51798.0,,,
St Peter's College,CRANBOURNE,3977,55776.0,51798.0,CRANBOURNE,27.0,0.8
Casey Grammar School,CRANBOURNE EAST,3977,55776.0,51798.0,CRANBOURNE,30.0,5.7
Lighthouse Christian College Cranbourne,CRANBOURNE,3977,55776.0,51798.0,,,
Hillcrest Christian College,CLYDE NORTH,3978,58703.0,55210.0,CLYDE NORTH,30.0,4.3
Koo Wee Rup Secondary College,KOO WEE RUP,3981,52940.0,48627.0,,,
Wonthaggi Secondary College,WONTHAGGI,3995,45961.0,40803.0,WONTHAGGI,27.0,4.0
Village High School,WONTHAGGI,3995,45961.0,40803.0,,,
